year,distance,n,starters,finishers,pct_bainbridge_island,pct_kitsap_county,pct_king_county,pct_other_wa,pct_out_of_state,median_miles,max_miles,towns
2023,55K,18,18,18,77.8,0.0,11.1,0.0,11.1,3.1,1976.1,4
2023,All,18,18,18,77.8,0.0,11.1,0.0,11.1,3.1,1976.1,4
2024,55K,20,19,19,45.0,15.0,10.0,20.0,10.0,6.8,1274.3,12
2024,110K,5,4,4,20.0,0.0,40.0,40.0,0.0,15.8,227.3,5
2024,100M,6,5,1,16.7,0.0,16.7,50.0,16.7,70.0,148.3,6
2024,All,31,28,24,35.5,9.7,16.1,29.0,9.7,10.9,1274.3,20
2025,55K,29,28,28,20.7,20.7,20.7,24.1,13.8,10.9,1730.9,15
2025,110K,4,4,2,50.0,0.0,50.0,0.0,0.0,7.0,10.9,2
2025,100M,11,10,6,0.0,18.2,18.2,45.5,18.2,63.7,1013.9,11
2025,All,44,42,36,18.2,18.2,22.7,27.3,13.6,10.9,1730.9,23
2026,55K,43,42,40,37.2,14.0,11.6,25.6,11.6,9.8,2665.6,18
2026,110K,10,10,5,50.0,0.0,30.0,20.0,0.0,7.0,120.9,4
2026,100M,11,11,5,0.0,9.1,18.2,45.5,27.3,68.5,404.5,10
2026,All,64,63,50,32.8,10.9,15.6,28.1,12.5,10.9,2665.6,27
2027,55K,22,22,0,72.7,18.2,9.1,0.0,0.0,3.1,25.8,6
2027,110K,6,6,0,16.7,0.0,33.3,50.0,0.0,22.4,73.3,6
2027,100M,1,1,0,0.0,0.0,0.0,0.0,100.0,112.4,112.4,1
2027,All,29,29,0,58.6,13.8,13.8,10.3,3.4,3.1,112.4,11
All,55K,110,107,105,40.9,13.6,13.6,20.0,11.8,8.1,2665.6,33
All,110K,19,18,11,42.1,0.0,36.8,21.1,0.0,10.9,227.3,7
All,100M,28,26,12,3.6,10.7,17.9,46.4,21.4,66.1,1013.9,19
All,All,157,151,128,34.4,11.5,17.2,24.8,12.1,10.9,2665.6,51
