year,distance,status,geo_city,geo_state,lat,lon,region,miles
2023,55K,finished,Bainbridge Island,WA,47.62621,-122.52124,Bainbridge Island,3.1
2023,55K,finished,Bainbridge Island,WA,47.62621,-122.52124,Bainbridge Island,3.1
2023,55K,finished,Bainbridge Island,WA,47.62621,-122.52124,Bainbridge Island,3.1
2023,55K,finished,Bainbridge Island,WA,47.62621,-122.52124,Bainbridge Island,3.1
2023,55K,finished,Bainbridge Island,WA,47.62621,-122.52124,Bainbridge Island,3.1
2023,55K,finished,Bainbridge Island,WA,47.62621,-122.52124,Bainbridge Island,3.1
2023,55K,finished,Bainbridge Island,WA,47.62621,-122.52124,Bainbridge Island,3.1
2023,55K,finished,Bainbridge Island,WA,47.62621,-122.52124,Bainbridge Island,3.1
2023,55K,finished,Bainbridge Island,WA,47.62621,-122.52124,Bainbridge Island,3.1
2023,55K,finished,Bainbridge Island,WA,47.62621,-122.52124,Bainbridge Island,3.1
2023,55K,finished,Bainbridge Island,WA,47.62621,-122.52124,Bainbridge Island,3.1
2023,55K,finished,Bainbridge Island,WA,47.62621,-122.52124,Bainbridge Island,3.1
2023,55K,finished,Bainbridge Island,WA,47.62621,-122.52124,Bainbridge Island,3.1
2023,55K,finished,Bainbridge Island,WA,47.62621,-122.52124,Bainbridge Island,3.1
2023,55K,finished,Bend,OR,44.05817,-121.31531,Out of state,256.4
2023,55K,finished,Cincinnati,OH,39.12711,-84.51439,Out of state,1976.1
2023,55K,finished,Seattle,WA,47.60621,-122.33207,King County,10.9
2023,55K,finished,Seattle,WA,47.60621,-122.33207,King County,10.9
2024,100M,DNF,Bainbridge Island,WA,47.62621,-122.52124,Bainbridge Island,3.1
2024,100M,DNF,Bellevue,WA,47.61038,-122.20068,King County,16.6
2024,100M,DNF,Friday Harbor,WA,48.53427,-123.01712,Other WA,63.7
2024,100M,DNF,Portland,OR,45.52345,-122.67621,Out of state,148.3
2024,100M,DNS,La Center,WA,45.86234,-122.67038,Other WA,124.9
2024,100M,finished,Aberdeen,WA,46.97537,-123.81572,Other WA,76.3
2024,110K,DNS,Walla Walla,WA,46.06458,-118.34302,Other WA,227.3
2024,110K,finished,Bainbridge Island,WA,47.62621,-122.52124,Bainbridge Island,3.1
2024,110K,finished,Seattle,WA,47.60621,-122.33207,King County,10.9
2024,110K,finished,Vancouver,WA,45.63873,-122.66149,Other WA,140.3
2024,110K,finished,Vashon,WA,47.44732,-122.45985,King County,15.8
2024,55K,DNS,Denver,CO,39.73915,-104.9847,Out of state,1030.6
2024,55K,finished,Bainbridge Island,WA,47.62621,-122.52124,Bainbridge Island,3.1
2024,55K,finished,Bainbridge Island,WA,47.62621,-122.52124,Bainbridge Island,3.1
2024,55K,finished,Bainbridge Island,WA,47.62621,-122.52124,Bainbridge Island,3.1
2024,55K,finished,Bainbridge Island,WA,47.62621,-122.52124,Bainbridge Island,3.1
2024,55K,finished,Bainbridge Island,WA,47.62621,-122.52124,Bainbridge Island,3.1
2024,55K,finished,Bainbridge Island,WA,47.62621,-122.52124,Bainbridge Island,3.1
2024,55K,finished,Bainbridge Island,WA,47.62621,-122.52124,Bainbridge Island,3.1
2024,55K,finished,Bainbridge Island,WA,47.62621,-122.52124,Bainbridge Island,3.1
2024,55K,finished,Bainbridge Island,WA,47.62621,-122.52124,Bainbridge Island,3.1
2024,55K,finished,Bremerton,WA,47.56732,-122.63264,Kitsap County,8.1
2024,55K,finished,Everett,WA,47.97898,-122.20208,Other WA,26.8
2024,55K,finished,Joint Base Lewis McChord,WA,47.10787,-122.57694,Other WA,38.7
2024,55K,finished,Kenmore,WA,47.75732,-122.24401,King County,15.3
2024,55K,finished,Poulsbo,WA,47.73593,-122.64654,Kitsap County,6.6
2024,55K,finished,Rio Rico,AZ,31.47148,-110.97648,Out of state,1274.3
2024,55K,finished,Seattle,WA,47.60621,-122.33207,King County,10.9
2024,55K,finished,Silverdale,WA,47.64454,-122.69487,Kitsap County,7.1
2024,55K,finished,Tacoma,WA,47.25288,-122.44429,Other WA,29.1
2024,55K,finished,Tumwater,WA,47.00732,-122.90931,Other WA,48.7
2025,100M,DNF,Eastsound,WA,48.69677,-122.90546,Other WA,73.0
2025,100M,DNF,Fircrest,WA,47.23954,-122.51596,Other WA,29.7
2025,100M,DNF,Murrieta,CA,33.55391,-117.21392,Out of state,1013.9
2025,100M,DNF,Redmond,WA,47.67399,-122.12151,King County,19.8
2025,100M,DNS,Seattle,WA,47.60621,-122.33207,King County,10.9
2025,100M,finished,Aberdeen,WA,46.97537,-123.81572,Other WA,76.3
2025,100M,finished,Bremerton,WA,47.56732,-122.63264,Kitsap County,8.1
2025,100M,finished,Friday Harbor,WA,48.53427,-123.01712,Other WA,63.7
2025,100M,finished,Portland,OR,45.52345,-122.67621,Out of state,148.3
2025,100M,finished,Poulsbo,WA,47.73593,-122.64654,Kitsap County,6.6
2025,100M,finished,Vancouver,WA,45.63873,-122.66149,Other WA,140.3
2025,110K,DNF,Seattle,WA,47.60621,-122.33207,King County,10.9
2025,110K,DNF,Seattle,WA,47.60621,-122.33207,King County,10.9
2025,110K,finished,Bainbridge Island,WA,47.62621,-122.52124,Bainbridge Island,3.1
2025,110K,finished,Bainbridge Island,WA,47.62621,-122.52124,Bainbridge Island,3.1
2025,55K,DNS,Grand Marais,MN,47.75045,-90.33427,Out of state,1486.7
2025,55K,finished,Bainbridge Island,WA,47.62621,-122.52124,Bainbridge Island,3.1
2025,55K,finished,Bainbridge Island,WA,47.62621,-122.52124,Bainbridge Island,3.1
2025,55K,finished,Bainbridge Island,WA,47.62621,-122.52124,Bainbridge Island,3.1
2025,55K,finished,Bainbridge Island,WA,47.62621,-122.52124,Bainbridge Island,3.1
2025,55K,finished,Bainbridge Island,WA,47.62621,-122.52124,Bainbridge Island,3.1
2025,55K,finished,Bainbridge Island,WA,47.62621,-122.52124,Bainbridge Island,3.1
2025,55K,finished,Bremerton,WA,47.56732,-122.63264,Kitsap County,8.1
2025,55K,finished,Issaquah,WA,47.5301,-122.03262,King County,25.8
2025,55K,finished,Kingston,WA,47.7985,-122.49806,Kitsap County,9.3
2025,55K,finished,Port Ludlow,WA,47.92537,-122.68349,Other WA,18.9
2025,55K,finished,Port Townsend,WA,48.11742,-122.76071,Other WA,32.6
2025,55K,finished,Poulsbo,WA,47.73593,-122.64654,Kitsap County,6.6
2025,55K,finished,Richland,WA,46.28569,-119.28446,Other WA,181.0
2025,55K,finished,Seattle,WA,47.60621,-122.33207,King County,10.9
2025,55K,finished,Seattle,WA,47.60621,-122.33207,King County,10.9
2025,55K,finished,Seattle,WA,47.60621,-122.33207,King County,10.9
2025,55K,finished,Seattle,WA,47.60621,-122.33207,King County,10.9
2025,55K,finished,Silverdale,WA,47.64454,-122.69487,Kitsap County,7.1
2025,55K,finished,Silverdale,WA,47.64454,-122.69487,Kitsap County,7.1
2025,55K,finished,Silverdale,WA,47.64454,-122.69487,Kitsap County,7.1
2025,55K,finished,St. Louis,MO,38.62727,-90.19789,Out of state,1730.9
2025,55K,finished,Tacoma,WA,47.25288,-122.44429,Other WA,29.1
2025,55K,finished,Tacoma,WA,47.25288,-122.44429,Other WA,29.1
2025,55K,finished,Tacoma,WA,47.25288,-122.44429,Other WA,29.1
2025,55K,finished,Tacoma,WA,47.25288,-122.44429,Other WA,29.1
2025,55K,finished,West Linn,OR,45.36568,-122.61231,Out of state,159.1
2025,55K,finished,West Linn,OR,45.36568,-122.61231,Out of state,159.1
2025,55K,finished,Woodinville,WA,47.75427,-122.16346,King County,18.8
2026,100M,DNF,Eastsound,WA,48.69677,-122.90546,Other WA,73.0
2026,100M,DNF,Lacey,WA,47.03426,-122.82319,Other WA,45.7
2026,100M,DNF,McCleary,WA,47.05315,-123.26543,Other WA,54.2
2026,100M,DNF,Port Moody,BC,49.2838,-122.8317,Out of state,112.4
2026,100M,DNF,Portland,OR,45.52345,-122.67621,Out of state,148.3
2026,100M,DNF,Seattle,WA,47.60621,-122.33207,King County,10.9
2026,100M,finished,Aberdeen,WA,46.97537,-123.81572,Other WA,76.3
2026,100M,finished,Bremerton,WA,47.56732,-122.63264,Kitsap County,8.1
2026,100M,finished,Centralia,WA,46.71621,-122.9543,Other WA,68.5
2026,100M,finished,Missoula,MT,46.87215,-113.994,Out of state,404.5
2026,100M,finished,Seattle,WA,47.60621,-122.33207,King County,10.9
2026,110K,DNF,Bainbridge Island,WA,47.62621,-122.52124,Bainbridge Island,3.1
2026,110K,DNF,Bainbridge Island,WA,47.62621,-122.52124,Bainbridge Island,3.1
2026,110K,DNF,Seattle,WA,47.60621,-122.33207,King County,10.9
2026,110K,DNF,Seattle,WA,47.60621,-122.33207,King County,10.9
2026,110K,DNF,Tacoma,WA,47.25288,-122.44429,Other WA,29.1
2026,110K,finished,Bainbridge Island,WA,47.62621,-122.52124,Bainbridge Island,3.1
2026,110K,finished,Bainbridge Island,WA,47.62621,-122.52124,Bainbridge Island,3.1
2026,110K,finished,Bainbridge Island,WA,47.62621,-122.52124,Bainbridge Island,3.1
2026,110K,finished,Seattle,WA,47.60621,-122.33207,King County,10.9
2026,110K,finished,Yakima,WA,46.60207,-120.5059,Other WA,120.9
2026,55K,DNF,Bainbridge Island,WA,47.62621,-122.52124,Bainbridge Island,3.1
2026,55K,DNF,Bremerton,WA,47.56732,-122.63264,Kitsap County,8.1
2026,55K,DNS,Spanaway,WA,47.10399,-122.43457,Other WA,39.3
2026,55K,finished,Alderton,WA,47.16955,-122.22928,Other WA,37.5
2026,55K,finished,Bainbridge Island,WA,47.62621,-122.52124,Bainbridge Island,3.1
2026,55K,finished,Bainbridge Island,WA,47.62621,-122.52124,Bainbridge Island,3.1
2026,55K,finished,Bainbridge Island,WA,47.62621,-122.52124,Bainbridge Island,3.1
2026,55K,finished,Bainbridge Island,WA,47.62621,-122.52124,Bainbridge Island,3.1
2026,55K,finished,Bainbridge Island,WA,47.62621,-122.52124,Bainbridge Island,3.1
2026,55K,finished,Bainbridge Island,WA,47.62621,-122.52124,Bainbridge Island,3.1
2026,55K,finished,Bainbridge Island,WA,47.62621,-122.52124,Bainbridge Island,3.1
2026,55K,finished,Bainbridge Island,WA,47.62621,-122.52124,Bainbridge Island,3.1
2026,55K,finished,Bainbridge Island,WA,47.62621,-122.52124,Bainbridge Island,3.1
2026,55K,finished,Bainbridge Island,WA,47.62621,-122.52124,Bainbridge Island,3.1
2026,55K,finished,Bainbridge Island,WA,47.62621,-122.52124,Bainbridge Island,3.1
2026,55K,finished,Bainbridge Island,WA,47.62621,-122.52124,Bainbridge Island,3.1
2026,55K,finished,Bainbridge Island,WA,47.62621,-122.52124,Bainbridge Island,3.1
2026,55K,finished,Bainbridge Island,WA,47.62621,-122.52124,Bainbridge Island,3.1
2026,55K,finished,Bainbridge Island,WA,47.62621,-122.52124,Bainbridge Island,3.1
2026,55K,finished,Bremerton,WA,47.56732,-122.63264,Kitsap County,8.1
2026,55K,finished,Camas,WA,45.58706,-122.39954,Other WA,144.0
2026,55K,finished,Hailey,ID,43.51963,-114.31532,Out of state,490.0
2026,55K,finished,Hoodsport,WA,47.40593,-123.13932,Other WA,33.1
2026,55K,finished,Issaquah,WA,47.5301,-122.03262,King County,25.8
2026,55K,finished,Issaquah,WA,47.5301,-122.03262,King County,25.8
2026,55K,finished,Kamloops,BC,50.6745,-120.3273,Out of state,230.6
2026,55K,finished,Kamloops,BC,50.6745,-120.3273,Out of state,230.6
2026,55K,finished,Kamloops,BC,50.6745,-120.3273,Out of state,230.6
2026,55K,finished,Kaneohe,HI,21.39994,-157.79895,Out of state,2665.6
2026,55K,finished,Kirkland,WA,47.68149,-122.20874,King County,15.7
2026,55K,finished,Pasco,WA,46.23958,-119.10057,Other WA,190.1
2026,55K,finished,Port Orchard,WA,47.54037,-122.63625,Kitsap County,9.8
2026,55K,finished,Port Townsend,WA,48.11742,-122.76071,Other WA,32.6
2026,55K,finished,Poulsbo,WA,47.73593,-122.64654,Kitsap County,6.6
2026,55K,finished,Poulsbo,WA,47.73593,-122.64654,Kitsap County,6.6
2026,55K,finished,Poulsbo,WA,47.73593,-122.64654,Kitsap County,6.6
2026,55K,finished,Seattle,WA,47.60621,-122.33207,King County,10.9
2026,55K,finished,Seattle,WA,47.60621,-122.33207,King County,10.9
2026,55K,finished,Tacoma,WA,47.25288,-122.44429,Other WA,29.1
2026,55K,finished,Tacoma,WA,47.25288,-122.44429,Other WA,29.1
2026,55K,finished,Tacoma,WA,47.25288,-122.44429,Other WA,29.1
2026,55K,finished,Tacoma,WA,47.25288,-122.44429,Other WA,29.1
2026,55K,finished,Tumwater,WA,47.00732,-122.90931,Other WA,48.7
2027,100M,registered,Port Moody,BC,49.2838,-122.8317,Out of state,112.4
2027,110K,registered,Bainbridge Island,WA,47.62621,-122.52124,Bainbridge Island,3.1
2027,110K,registered,Issaquah,WA,47.5301,-122.03262,King County,25.8
2027,110K,registered,Lummi Island,WA,48.72455,-122.68629,Other WA,73.3
2027,110K,registered,Port Ludlow,WA,47.92537,-122.68349,Other WA,18.9
2027,110K,registered,Seattle,WA,47.60621,-122.33207,King County,10.9
2027,110K,registered,Tacoma,WA,47.25288,-122.44429,Other WA,29.1
2027,55K,registered,Bainbridge Island,WA,47.62621,-122.52124,Bainbridge Island,3.1
2027,55K,registered,Bainbridge Island,WA,47.62621,-122.52124,Bainbridge Island,3.1
2027,55K,registered,Bainbridge Island,WA,47.62621,-122.52124,Bainbridge Island,3.1
2027,55K,registered,Bainbridge Island,WA,47.62621,-122.52124,Bainbridge Island,3.1
2027,55K,registered,Bainbridge Island,WA,47.62621,-122.52124,Bainbridge Island,3.1
2027,55K,registered,Bainbridge Island,WA,47.62621,-122.52124,Bainbridge Island,3.1
2027,55K,registered,Bainbridge Island,WA,47.62621,-122.52124,Bainbridge Island,3.1
2027,55K,registered,Bainbridge Island,WA,47.62621,-122.52124,Bainbridge Island,3.1
2027,55K,registered,Bainbridge Island,WA,47.62621,-122.52124,Bainbridge Island,3.1
2027,55K,registered,Bainbridge Island,WA,47.62621,-122.52124,Bainbridge Island,3.1
2027,55K,registered,Bainbridge Island,WA,47.62621,-122.52124,Bainbridge Island,3.1
2027,55K,registered,Bainbridge Island,WA,47.62621,-122.52124,Bainbridge Island,3.1
2027,55K,registered,Bainbridge Island,WA,47.62621,-122.52124,Bainbridge Island,3.1
2027,55K,registered,Bainbridge Island,WA,47.62621,-122.52124,Bainbridge Island,3.1
2027,55K,registered,Bainbridge Island,WA,47.62621,-122.52124,Bainbridge Island,3.1
2027,55K,registered,Bainbridge Island,WA,47.62621,-122.52124,Bainbridge Island,3.1
2027,55K,registered,Bremerton,WA,47.56732,-122.63264,Kitsap County,8.1
2027,55K,registered,Issaquah,WA,47.5301,-122.03262,King County,25.8
2027,55K,registered,Poulsbo,WA,47.73593,-122.64654,Kitsap County,6.6
2027,55K,registered,Poulsbo,WA,47.73593,-122.64654,Kitsap County,6.6
2027,55K,registered,Redmond,WA,47.67399,-122.12151,King County,19.8
2027,55K,registered,Silverdale,WA,47.64454,-122.69487,Kitsap County,7.1
